DemoFan24,shitstorm
Afribean,keyboardwarriors blacklivesmatter
At_JesusFeet,covid19
ZoeLifeMAGA,youaintblack
madisonsdaddy1,lizcrokin
never_stronger,taketrumpofftwitter taketrumpofftwitter
1Chance2020,trump
doubleATrailFly,trump
RK_Hayes,presidentkaren
IAmJoyThompson,presidentendorsingmassmurder
doubleATrailFly,trump
NikJoy2020,taketrumpofftwitter taketrumpofftwitter
BiFokuls,bullshit
sniper1003_k,bantrumpfromtwitter
vishal_verma_11,jackass
JennyCarnie,whereistheline trumpistheworstpresidentever racistinchief
sanusi90064,blacklivesmatter
hardenuppete,suspendtrump
wheressuez,blacklivesmater thugs minneapolisprotests bantrumpfromtwitter georgefloydprotest minneapolisriots
carrillo_sue,prolife
grumpy_blade,twexit parler
BootsHasSwag,donaldisoverparty
christoade,twitter askingforafriend deletetrumpsaccount
Nashanna11,regulate_twitter
THqfJB0WhXs4WoM,master
wkPython,taketrumpofftwitter taketrumpofftwitter
KennethVanvorst,iwillnotcomply
uncensoredfem,fakenews
Simonsstore,sears
MNSportsAccount,factcheck
KimHislop,youaintblack
GrammaSharra,trump executiveorder firstamendment
ItsaLearning,bully
Ih8uJ,climatechange
makingmoney541,factcheck
gloombastic,bantrumpfromtwitter
losivad,deletetrumpsaccount
stshinn,taketrumpofftwitter taketrumpofftwitter
Saxondk,taketrumpofftwitter taketrumpofftwitter
catalinaf47,factcheckthis twitter
SerGuad,isupporttwitter
_Raider559,classactionlawsuit
zycr9,dotard traitortrump
Nashanna11,criminal_democrats trump2020
_Raider559,classactionlawsuit
NAllirog,twitter
BetteVCollins,hadenough
bine3566,q4346 qanon qanongermamy
Saxondk,justdoitjack
rafat777,factcheck fisa spygate obamagate
mtnlif4me,factcheck
marciaclaire,resignnowtrump
Nashanna11,wake_the_f_up criminal_democrats
SherryGlaser,taketrumpofftwitter
_Amcifer_,bantrumpfromtwitter
StratFree,twitterisracist
TreyGibbs28,shitstorm fakenews
K1erry,youaintblack
DennisKoch10,twitter donaldtrump thrnews usa trump
s_omaicin,deletetrump
TheWantedEmcees,factchecked realnews twitter
Brand0nOrtiz,twittercensorship
mrhigbee2020,zuckyfuck
tamaraj86611162,maga
TexasCC,fakenews
lipaonline,chloroquine
ItsaLearning,taketrumpofftwitter taketrumpofftwitter
SkolviQ,presidentmayhem
CindyDrinks,trumpisalaughingstock
SarahBtotheS,deletetrump
WernerBrover,taketrumpofftwitter taketrumpofftwitter
Waffledog3,deletetrump
BubNap,trump
FoolsMultiply,covid19 postalvoting civilunrest nwo
_justblaque,donaldtrump
stephaniextyler,communist dumbass
BeSeeForPeace,wethepeople
RIPDeepstate,climatechange
stefanoepifani,factchecking
GiveLuckyBack,rts
MoAbuobida,sudan
Pen_Bird,deplatformhate deplatformtrump
leeroy_iii,westandwithphilip
verfolg,qanon maga obamagate
_richardmo,georgefloyd
ladymlle_HL7442,staywoke blacklivesmatter justiceforgeorgefloyd
ladymlle_HL7442,staywoke blacklivesmatter justiceforgeorgefloyd copwatch
AnitaPavoni,twitter
Cham0ru,wake_the_f_up criminal_democrats
Grandma_Storm,unfollowtrumpnow
emissathome,donaldisoverparty
JeannineRiviere,voterfraud
Debwrightjones,climatechange
uncensoredfem,gopgenocide trumpgenocide
The_Paige_Life,teambiden
WhosJohnIRL,minneapolisriots minnesota
IngebjorgF,unfollowdonaldtrump
utopianindigent,fakenews
thewhitewhookid,student
SEnative918,trump2020
BeSeeForPeace,taketrumpofftwitter
CindyDrinks,taketrumpofftwitter
MManic777,qanon maga thestormishere
LyndaShonubi,blacklivesmatter minneapolisprotests
USA_First_777,climatechange
maan8c,wwg1wgaworldwide qarmy
Russ_Graves,blacklivesmater trumpisanationaldisgrace trumpisaracist
_GLVSS_,thugs minneapolisprotests minneapolisriots
JonLopez357,ccp
a11mark,donaldtrump
mrtweeterverse,deepstate policestate
iAmnotMany,ff keepiton freedomofspeech fakenews
trillkevooo,bantrumpfromtwitter
XanPhillips,socialmedia politics
Drakedabs,bantrumpfromtwitter
mr_c_sparks,blacklivesmater murderer bloodontrumpshands killer dumpatrump
Bluestate1984,blacklivesmatter trumpisthethug
AramasWealth,simple
TeriannMann,stopthemadness
CindyDrinks,wethepeople
y0uforias,blacklivesmatter
FabiT6,trump2020
Disce_Discede,twitter
inthecopa,cya
iAMbrandaise,stopkillingus blacklivesmatter
MauiWowii,minneapolisriots blacklivesmater blacklivesmatter thugs trumpisalaughingstock trumpisaracist
jinseulvi,removetrumpfromtwitternow
realnorma_kay,americaisunderditactorship
La_boatie,twitter ترامب
TropicThunder5,herecomesthebanhammer
62Antone,taketrumpofftwitter taketrumpofftwitter
romano_ej,maga maga2020
realnorma_kay,americaisunderditactorship
Techterror12,bot
_xenosmagpies,trump2020
NotADumbRepubl1,morbidlyobese
MyBallsBounce,factchecking forthedonald
jasonpolk,minneapolisriots minneapolisriot
mickpask,gopgenocide trumpgenocide
SHM1,removetrumpfromtwitter
tamaraj86611162,wake_the_f_up criminal_democrats
_kuball_,factchecking
AlwaysAphiemi,climatechange
silviabassi,respect
realnorma_kay,americaisunderdictatorship
SydAlexMom,babydonnie
VwlMvmnt,exposebigtech
paularigling,taketrumpofftwitter magaleavetwitter
Iam_MasterMike1,twitter
MiheerMD,twitterfactcheck executiveorder minneapolisprotests
mickpask,putinspuppet
pam_brophy,moron
prpltnkr,deplatformtrump
realnorma_kay,americaisunderdictactorship
NotADumbRepubl1,morbidlyobese
WahooYellow,1stamendment
LosersLose69,profileincourage
dinoquicksilver,minneapolisriots minneapolisriot
TamiMcKnight12,taketrumpofftwitter taketrumpofftwitter
MayankJ16436393,jackkmkb jackkmkb jackkmkb jackkmkb jackkmkb jackkmkb jackkmkb jackkmkb jackkmkb jackkmkb jackkmkb
La_boatie,twitter ترامب
sBuddz047,donaldisoverparty
SammySettanni,taketrumpofftwitter
BartlettUSA2016,trumpdepression
zz_fog,wtf twitter
La_boatie,twitter ترامب
scentoflilacs,thugs
subtle_moment,donaldisoverparty
realnorma_kay,americaisunderdictatorship
heyitsheli,blacklivesmatter
craigmikes,donaldtrumpisoverparty donaldisoverparty
KTHopkins_NOT,freedomofspeech
CHardyPeeres,gop
COSportsNut,milehighsalute
Marquette_Jones,thankyou finally finally finally
nthroot,factchecking
nio_fivestar,factchecking
mickpask,taketrumpofftwitter
LarryDeLuca,resistance votebluetosaveamerica2020 voteblue2020
jasonpolk,minneapolisriots blacklivesmatter georgefloyd
marylochen,protecttwitter
MintamenaPie,deplatformtrump
KaraSnowflake,trumpisoverparty
JpRizzo,redwave2020
attransparency,breaking trumps minneapolisprotests
CCSAdvocacy,deletefacebook
BernieWong14,twitter
luigiluccarini,twitter election2020
keasherroes,freedomofspeech
EBaello,trumpsawhinylittlebitch
SongerSie,freedomofspeech
zz_fog,wtf twitter
kateeb790,twitterfactcheck executiveorder minneapolisprotests
IntenseCityUk,classics cduk windrush data
BehindTheGarage,bantrumpfromtwitter bantrumpnow
AranaGrondyy,freedomofspeech
Hotham_water,auspol
_asim,minneapolisprotests
KTHopkinsNOT,freedomofspeech
attransparency,trump
waltnk,factcheck fisa spygate obamagate
PotamusHippo1,trump
AutumnWolfonMex,jackisgreat
alifereframed,blacklivesmater
troyevillelolly,zuckerberg
dickbimbos,3am
zakzoah,horrible predictable
attransparency,breaking trumps minneapolisprotests
WhatSpadeThinks,markzuckerberg
M_J23,remove maketwittersafe makeamericasafe
fuccccccccccc,twitterfactcheck executiveorder minneapolisprotests
tweet4lfe,factcheck fisa spygate obamagate
YourMainManMax,breaking trumps minneapolisprotests
Wrak,minority shame
FxckgirlBri,minneapolisprotests
janettwokay,trump
PALE_Primate,trump
EBaello,trumpsawhinylittlebitch
Stuart_Wilson19,hopkinsisaliar
dorregaray_pepe,trump
unlobodelnorte,twitter
LukAnthony4,wow
kricklys,shitstorm fakenews
iamjerklord,donaldisoverparty
Moirraines,jack
gossipoftheciti,donaldtrump
Jnonymous26,potus minneapolis
Methystic,trumps
HikitaProf,accountability
McJohnson922,taketrumpofftwitter
RealMelcolmX,trump
LiberalBMan1,whatiswrongwithyou
dinkerluz,congress twitterfactcheck
prpltnkr,deplatformtrump
Curini,twitter election2020
oxonian76,goofyjack
WkndGirl,donaldtrump
pottergirl687,taketrumpofftwitter magaleavetwitter
Itsagoodlife48G,suspendtrumpstwitter
debilu2,qanonsense
SatyaDevGuru,shadowbanning politicaltargeting russiacollusionhoax
AceG3208,russiantroll
KewtieBird,twitter
gossipoftheciti,twitter
arkon111,qanon maga thestormishere
lance_bivens,wow
JohnAlb95582803,factcheck fisa spygate obamagate
dinkerluz,congress twitterfactcheck
NotoriousV_P_E,factcheck fisa spygate obamagate
mesaja_,blacklivesmatter
TrumpDownfall,trump
Porchlandrea,respect
Zinnsgh0st,trumpblock donaldisoverparty
Sebastian_Multi,minneapolisriots minneapolisprotests thugs blacklivesmater
Jinjirrie,trumpolini
TabithaOXO,presidentkaren
AmyNoelleY,timothyklausutis loriklausutis
zz_fog,wtf twitter
athoughtz,america
Ethereal_Shaman,ibor
Imadalhindi,تويتر_ينتفض أميركا_تنتفض
Earlrelio,justice unfit
CarolSackett1,shutup draftdodgerdonald coward trumpisanationaldisgrace
anonpreset,potus obamagate wwg1wga
CraigJorgensen2,wwg1wga maga q q suckit
JackClown180,mineapolisriots
yohisup,shutitdown
hjsoulsge,trumpisalaughingstock bantrumpfromtwitter thugs minneapolisprotests
JackeeHarry,deletehisaccount
BBlueCrush,idiotinchief minneapolisriots trumpisalaughingstock
Ywm7xJTdoDv4E1C,southkorea moonjaein southkoreaelectionfraud
SuaveCrisYorke,fascist trendingnow
quarantinedrink,trumpownseverydeath trumpisaracist
Only1realArri,deletehisaccount
MRSRUBIDOLLA,taketrumpofftwitter
PSue812,donaldisoverparty
Frankie_da_pug,blacklivesmatter
Saint_Cathedral,deletehisaccount
HeliosMagnus,trump
JW4Hillary,keepgoing
RoTrader33,potus thugs shooting minneapolisprotests maga wwg1gwa donaldisoverparty
BeingOc,twitterfactcheck military
posepapi,deletehisaccount
trblingtimes,deletehisaccount
SweetTatia,twittercensorship thugs
Thirst_D,deletehisaccount
supersailorthot,deletehisaccount
90210brea,deletehisaccount
RedRiverReport,shadowbanning
MszDee_2u,deletehisaccount
JohnLilic,bitcoin
photografitti90,deletehisaccount
R_U_StillDown,deletehisaccount
PoisonPink93,deletehisaccount
ecsullivan83,deletehisaccount
TCRPartyBot,bitcoin
Lalaej,twitter
MsMarchHare,donaldisoverparty twitter2trump0 twitter kentstate
EmeliaSterrett,donaldisover killerinchief
Vee2Playa,deletehisaccount
HistoryOfErrors,istandwithtwitter
Shanice_Alsina,deletehisaccount
CynthiaCozzo,keepgoing
jaciaihus,deletehisaccount
kondor_anna,blacklivesmatter
Queeny_Smurf,deletehisaccount
Makemorebeer,votetrumpout2020
TDP_PrinceFame,homecoming
diannePNW,gopgenocide trumpgenocide
Autonomism,therightstand
joefrancisco5,trumpsawhinylittlebitch
Meech_kent,deletehisaccount
supermishelle,priorities
schIossyflossy,deletehisaccount
CarmarSuperstar,deletehisaccount
Roobahe,bigbrother
cheerioo,deletehisaccount
KleinCuracao,byejack
UltimateAaliyah,deletehisaccount
ProtectTheUSA3,donaldisoverparty twitter2trump0 twitter kentstate
HazalSezer,minneapolisprotests blacklivesmatter twitterfactcheck
RealKDPFan4Eva,deletehisaccount
NickiVersez,deletehisaccount
DemSortie,realdonaldtrump twitterwar
shortttmacc,deletehisaccount
BREshaeallday,deletehisaccount
auntjody1976,deletehisaccount
shaybiv,deletehisaccount
LegalKant,twitter
marylochen,protecttwitter
Nav2115,bantrumpfromtwitter
pabli_wi,deletetrumpstwitter deletetrumpsaccount
SADMarquise_,deletehisaccount
USADCS,sabotage
AlSultan_Meriam,theshootingstarts justiceforgeorgefloyd
MoonFairy_H,deletehisaccount
GregoriMeakin,factchecktrump
L_i_A_M_K,deletehisaccount
Frankie_da_pug,blacklivesmatter
ThilJala,trump
socialmediasux2,wwg1wga wwg1wga_worldwide qanon
brazen_infidel,twitterbias twittersucks
fhdCm,twitter ترامب تويتر ترمب ترمب_يغلق_تويتر
jzluv,ny14 verified
Knopperz,causapeinecke
SadofBallantrae,keepgoing
nicxck,deletehisaccount
SLDaniel4,deletehisaccount
17ShortFuse,deletehisaccount
amish_man,freespeech endcensorship jackthetwittertyrant
joeyxnino,maga
WhaleheadW,twittercensorship
Sucacuca1,godwins
WingersSo,deletehisaccount
TheeKatryna,minneapolisprotests blacklivesmatter twitterfactcheck
mrsdkrebs,25thamendmentnow
ThisIsNotZain,deletehisaccount
faceless_vegan,bantrumpfromtwitter
EthereumWiki,bitcoin
TAGreve,minneapolisriots
Andrewsoned,boycotttwitter
Shannon_Simone,deletehisaccount
shelo9,deletehisaccount
RogueYogi,deletehisaccount
dannazozanna,zuck
danceonfordays,deletehisaccount
lazlimping,donaldisoverparty
nikkiwop,deletehisaccount
brav_wav,bavojack
madeinglamerica,deletehisaccount
GregoriMeakin,factchecktrump watchers
simplifyclarify,bantrumpfromtwitter dividedstatesofamerica
0802_lillith,trump
tmckfishy,qanon qpost wwg1wga wwg1wgaworldwide
SALARammm,restart_opposition corona
pabli_wi,deletetrumpsaccount deletehisaccount
ChimutiNhamo,potus
herrongd,twitter
colorfullstory,deletehisaccount
NotTheTie,glorifyviolence glorifyviolence
TheRealistNow,riots
BlackPyro1994,deletehisaccount
Leanne_Fabian,deletehisaccount
bluesboy23,deletehisaccount
Rockydeplorable,twexit
Archivist1000,letsplayhardball
GratefulDad23,presidentkaren kareninchief twitterfactcheck twitter
RominaG81779894,byejack communisttwitter byejack communisttwitter byejack communisttwitter byejack
RominaG81779894,byejack communisttwitter byejack communisttwitter byejack communisttwitter byejack
DanielREJackso1,riots
Frankie_da_pug,blacklivesmatter
PDoctor4,deletetrump
fly44d,trump shoot
CEO_ofFagNation,deletehisaccount
Orionarmstar,bantrumpfromtwitter
nicoledlc1999,deletehisaccount
solisluisbpr,deletehisaccount
dannazozanna,zuck
qellbell,qanon wwg1wga greatawakening
Ty_svengali,deletehisaccount
BlackAgitator,deletetrump
OoMsBlueEyesoO,deletehisaccount
yorkiemama1111,shutitdown
realwillowtree,deletehisaccount
DemSortie,realdonaldtrump twitterwar shotsfired
BBurchards,skytv pedogate hillary hillaryforprison obamagate
bella_rdz219917,donaldisoverparty donaldtrumpisoverparty blacklivesmater acab
brothervader,trump
show2nz,deletehisaccount
Sachmo_Spartan,dementiadonald
WhoZulu,minneapolisprotests blacklivesmater
Pochassic,donaldisoverparty bantrump
_4Janet,deletehisaccount
lugoblah,taketrumpofftwitter magaleavetwitter
XavierCamposM,donaldisoverparty
DeeLon17,deletehisaccount
MiamiPapers,trump shoot
MarshieBCakes,deletehisaccount
mscaitlin55,deletehisaccount
La_boatie,ترامب twitter
NerdLadyJ,deletehisaccount
Wordofbeak,stopthelies
tastrande,deletehisaccount
ImogenPrior,markzuckerberg
katsndogs,obamagreat
tj2859,first
mscaitlin55,deletehisaccount
ChunkyOlive1,milehighsalute
Resist2k18,thankyoujack
katsndogs,trumpsjealousofobama
Drea_Chanea,deletehisaccount
LoveShantae,deletehisaccount
Redacte64470137,nationalize twitter presidential
Wordofbeak,stopthelies
kushalshukla_,thankyoutwitter
AzadiAzadisetan,shameonyoutwitter
jmn143,removetrumpfromtwitter
Sieh_auf_DICH,pizzagate
CathyPa12903041,riots
GoldenGrl22,deletehisaccount
leon57041562,minneapolisprotests blacklivesmatters
Cynrosles83,deletehisaccount
DietherAst,trump twitterfactcheck
CocoDeBrux,factchecks
ImredR,constitution jerk
louiseka72,abouttime
IamKPach,youaintblack
Windy1_714,potus trumpmeltdown
RealLPoslaiko,lauraloomer
krashlanded187,birdsofafeather trumpsaracist
madamyez,trump
3rdIMPEACHED,donaldisoverparty
TonyV10456775,donaldisoverparty
AnneMar45451941,scumjournalist scummedia
Firestorm1776,gopgenocide trumpgenocide
VictorHardges,deletehisaccount
PennyPoptarts,bantrumpfromtwitter
leimer,twitterfactcheck
mavi_makkah,trump
tj2859,firstamendment
SIMPLISTICMAN,deletehisaccount
Ibis_Rider,unfollowtrump
su9000,blacklivesmatter georgelloyd
LadyB_89,deletehisaccount
lavery1965,riots
KriTims1,dirtydonnie
picklemonstern,twitter
alkhamali__,twitterfakecheck
MindDiamond,deletehisaccount
FarnazML64,twitter
dione_drew,deletehisaccount
jordanlucero22,donaldisoverparty
Dstokers,deletetrumpsaccount suspendtrumpstwitter
HormanTodd,lauraloomer
MisteryFaceGrab,utterbullshit
tekcin2,killercuomo
BHwordygirl,factcheck fisa spygate obamagate
jackitboxs,lauraloomer
john_brewer,jackgate jackoff
PropitiousOn3O,trump
Patriotin3,zensur jack twitter
BBurchards,obamagate freedomnotpolicestate pedogate
RominaG81779894,lauraloomer
VennaZuela,deletehisaccount
d3viljunkzombi1,trumpmeltdown trumpisanationaldisgrace
Gabriel4Justice,lauraloomer
gailsmitha,blacklivesmatter
giovsqz,deletehisaccount
Sawbo69,scumtweeter
danidictated,twitter trump
ElcieCamp,democrat
activrightbrain,trump socialnetworks
ResponCitizen,bigbrother
622pm,twittercensorship
kanojahanyar,abouttime
Q_0623,minneapolisprotests blacklivesmatters
Axolotls30,firstamendment
MotownDR,idiotinchief minneapolisriots trumpisalaughingstock
Axolotls30,firstamendment
miller_gwen,youaintblack
HAPPYSMILEYGAL,youaintblack
marvinmale1,boycotttwitter
DunkleJoe,censorship maga
enargins,finally
eixelexie_,deletehisaccount
Lisa_LaFlame,twitter
bullmastiffdog,fuckdonaldtrump
CaptainPadre,shartgate
Axolotls30,firstamendment
spencersbrook,maga
Axolotls30,firstamendment
BBrandenhoff,groundedbytwitter presidenttrump
BoredGrandma,twitter
DearDiandra26,qanons
Aminlv,shadowbanning
jojoinaz33,gymjordan
GeminiWriter20,deletehisaccount
freedomlover26,youaintblack
HolliebethSnC,twitterfactcheck twittercensorship freespeech
aBandCalledPaul,fucktrump
HockeyTarheel,deletehisaccount
m7mdkalo,trump
victherose,donaldtrumpdomesticterrorist
7xaanx_,deletehisaccount
MitchNobile,trumpisadisgrace
WWGOWGA1776,obamagate
alkhamali__,twitterfakecheck
MichaelHowardR2,25thamendmentnow
RipCarrasquillo,pleasedeletethosetweets
622pm,twittercensorship
WOODYMC84,deletehisaccount
KiwiLee17,factcheck
1398_ho,restart_opposition corona
anachech,zuck
BusinessChemis1,twitter decisiontheory
ronyfarah0,keep_attacking w_heik
raerolls,deletehisaccount
BakuExchange,respect
MrMuellerIsHere,donaldisover trumpmeltdown
AngrywolfA,folowback
CresidentD,shutdowntrumptwitter
AngrywolfA,followback
relaxocat,realdonaldtrump
TruthFreedom17,lauraloomer
FoxmanMusic,freedomofspeech wethepeople federalgovernment
HarmenBpersonal,factcheck
BC_ChattTN,prolife
TheRealEJNuno,milehighsalute
kesskasay,lockhimout
ratsamy,minneapolisprotests blacklivesmatters
TG22110,donaldisover trumpmeltdown
narvenka,twitter
addisi_raphael,factcheck fisa spygate obamagate
lazid1957,freedomofspeech wethepeople federalgovernment
jmn143,letsplayhardball
Axolotls30,firstamendment
Gayatri__J,president
itscometothiss,bantrumpontwitter
815wrldtrvlr,youaintblack
Kiefer_XJ,deletehisaccount
feil_rudolf,dumptrump
SuzanneSwanYu1,thursdaymourning
TheRealKyler_A,trump2020
thevoice16,biden2020
topohobo,lockhimout
RecalcitrantHen,tictoc
katsndogs,donaldisover trumpmeltdown
ridingherd,antifa blm
candywhorehole,blacklivesmater
sinakurdistan,factcheck
DarrelDaGangsta,donaldisoverparty
DaveensMoore,trump
ravrag12,covid45
supermishelle,donaldisoverparty
Katascadero,youaintblack
Utopian1776,dumpthattrump
veryvivlicious,gojackgo
CosmicActorVist,bantrumpfromtwitter trumpisa_danger_toamerica
ajphelo,credlin thekennyreport paulmurraylive
SmartArse11,obamagate
candywhorehole,blacklivesmatter
Touaregtweet,bantrumpfromtwitter bantrumpfromtwitter bantrumpfromtwitter
helloiamRo,respect fools
yuckfouden,executiveorder
meshalawson1,qanon wwg1wga greatawakening
lostnorwegian,minneapolisriots
isnt_it_red,karen
HKH,bantrumpfromtwitter bantrumpfromtwitter bantrumpfromtwitter
GaryDirectfive0,riots
PietKonings,bantrumpfromtwitter bantrumpfromtwitter bantrumpfromtwitter
wltrrr,bantrumpfromtwitter bantrumpfromtwitter bantrumpfromtwitter
KayaBear15,enoughisenough
idoia06,twitterbias
Foaroan,bantrumpfromtwitter bantrumpfromtwitter bantrumpfromtwitter
Wordofbeak,stopthelies
theobvioustrue1,fuckoff
domitton,riots
BetteJoSingleto,youaintblack
MrKJStringer,mutetrump racistinchief
Quie__Quie,deletehisaccount
SmartArse11,obamagate wakeup
yogibear951,qanons
CptRetroBlue,donaldtrump
LVNRGHT,facists
Lady53Old,facts
goofballgeorge,twitterassholes
OneWokeWoman,racist
humanbird19,trump
WhoZulu,blacklivesmater minneapolisriot
DaveoutofAustin,2weektimeout
MicheleJeanson1,zuck
lachorrilla,minneapolisprotests blacklivesmatters
LuckyLadyLyft,trumped blackout blacktwitter
2017Guitarman,maga
Arty_V,deletehisaccount
Kaboone13,youaintblack
LVNRGHT,fascists
latte_jed,bitcoin
KriefLinda,obamagate
DavidSm58117071,freedomofspeech
CameronJTurner,trump
_Astro_Kate,mars geminiseason
JagdeepKandari9,verifid_twitter_account
johnlufe,climatechange
JoePresley1,trump
Britchic2016,donaldisoverparty
DaveoutofAustin,2weektimeout
ForFactsSake101,georgeflyod racism antiwhite
ohkeepahkenobi,imathugtoo blacklivesmatter dumptrump
Get_It_Rite,deletehisaccount
WickedChicken5,trumpisalaughingstock
detous,twitter
TheRealKyler_A,fakenews
Quicksilver_007,magaidiots
xtremelioness,qanon qarmy
LVNRGHT,facists
BestNana256,deletefacebook
maria48308,bluewave
Triqqyish,lauraloomer
dirkhens,teamtwitter
IronMom20,factcheck fisa spygate obamagate
mcheadly,donaldisoverparty
1kxanax,deletetrump
LeRebuleaux,ohtheirony trumpvsjack
DavidSm58117071,wwg1wga
Nolla49,ترامب twitter
SexySassyGenius,clementineford hatespeech
tuturw,europe
brav_wav,bravojack
jhdiscovery,twitter
Souljagurl8,deletehisaccount
SilkyLounge6,donaldtrumptweet
notimeoff,mytwitteranniversary
Triqqyish,climatechange
enmodo,dumpthattrump
stararies1,fuckzuck
Mariamsaliba,trumpmeltdown trump
BlackRocko100,fakechristian
TrumpSmasher,russian bot
satadru2010,gravitas
Aminlv,shadowbanning
CptRetroBlue,donaldtrump twitter
Juan_Maharlika,abouttime
gjb1966,twitterbantrump
BZBwoy,thankyou america
OracularJake,deletehisaccount
patrickcomack,firejack twitter dorsey
StormWaveRider,qanon
Aethonaia,factcheck fisa spygate obamagate
ae_vlf,ترامب twitter
dildonion,donaldisoverparty
DLand,twitter
TheEuropeanBlog,wethepeople
PaschalJoe,iwillstopthemotoroftheworld
DaveoutofAustin,2weektimeout
saneplanet,riots
jcitdemandflow,factchecked
CryptoK35931496,btc
Fshitup_allyNKH,deletehisaccount
OleSkoolRaiders,fightracism
NMS_38,trump
DGarrett80,karen
CastinBoakye,factcheck
eq2ruben,twitter
iamracky,deletehisaccount
NMS_38,bantrumpfromtwitter
Pa01473447,trump
odaraia,trumpolini
Nancy007f,twitterassholes
CaseyDE86658915,qanons
salireta,جاك
bergs____,deletehisaccount
Pa01473447,bantrumpfromtwitter
ginnyfromgtx,donaldisoverparty
J_Lennon_Webber,lockhimout
vikkids,twitter
srauer20,trumpisanationaldisgrace trumpmeltdown
Territoodles,parler
Michael____C,twitter
KnnyDaGoat,deletehisaccount
WWG1WGAUSA,parler
korblimee47,firstamendment
akabu62,pizzagate
chris_bernd,q4346 qanon qanongermamy
crazyal4duke,shitstorm fakenews
sojournimages,thatsafactjack
Cherfan4ever1,mikegula
athetifs2,trump
JustInformU,bantrumpfromtwitter
Majestik7,factcheck
OneWokeWoman,resignnowtrump justiceforgeorgefloyd
ErinFitzgerald,historywillshowyourdeeds
ThelAstame,bantrumpfromtwitter
PKontzamanys,twitterassholes
DavidLance3,bantrumpfromtwitter
rainyinportland,factcheck factchecktrump takeresponsibility
ayubsumbal,faketrends
KRoadhog,shitstorm fakenews
therealmdv,bantrumpfromtwitter blacklivesmater
blueyedcole,bantrumpfromtwitter bantrumpfromtwitter bantrumpfromtwitter
sleddogwatchdog,hadenough
zephstefkrysezi,lockhimout
ThesilenceJames,factcheck
rugratmike,bantrumpfromtwitter
johntho70573663,twittercensorship
ff_o0o,لا_للعنصرية_ضد_العصائر
stardesert418,twitterassholes
ValRobinson12,shitstorm fakenews
JulieTweeters21,lockhimout
banana_sama12,لا_للعنصرية_ضد_العصائر
StageYaneu,ridenwithbiden
Caligirz4trump,youaintblack
LizzyBelleFox,electioninterference
GoMakeMeASamich,donaldisoverparty
EXE_911,twitter
earlibirdrobin,trump
issac02mr,deletehisaccount
itscometothiss,bantrumpontwitter
joelaphoto,bantrumpfromtwitter
itscometothiss,bantrumpontwitter
JackBro16832996,worstpresidentever
NewZooReviews,riots
H_almyftah,twitter
99ermikeb,removetrumpfromtwitter
aljansen5,twittercensorship qanon wwg1wga maga patriotsincontrol weareq
itscometothiss,bantrumpontwitter
KristyM9,frogday
FoxKat2,maga
QuarantinedLif1,ppe thegreatgrift
LVNRGHT,fascists
johntho70573663,twittercensorship
Sifichick,donaldisoverparty
winchester1973,youaintblack
feritodman,wheeew
fai9alnuks,donaldisoverparty trump
murray_nyc,bantrumpfromtwitter
BoarGator,riots
VickiLynn47,bantrumpfromtwitter
dickbimbos,after
thehealingpaige,deletehisaccount
dsherman2407,trump
earlibirdrobin,bantrumpfromtwitter
vkyrmlg,lovetwitter
ae_vlf,معركة_الوعي_الافريقي
DaviesNes,twittercensorship qanon wwg1wga maga patriotsincontrol weareq
adeferr,twitter factchecktrump factcheck instigator
eee8i,twitteroff
reliving45,trump
jdm0004,electioninterference
HitVegetarian,reporthistweets twitterdosomething article25 godhelpyougop gopbetrayedamerica
TheRealKyler_A,socialmedia
ellie_roj13,trump
ellablu_blu,factcheck cnn twitter
Shahin79622641,شعیب_ابن_صالح__همان_سید_محمد_حسینی_است
jasjuliet,bantrumpfromtwitter
itscometothiss,bantrumpontwitter
reisswins,pedowood adenochrome illuminati savethechildern
JustInformU,bantrumpfromtwitter
anabouf,democratsaredestroyingamerica cabaltakedown
Trump_Fann,factcheck fisa spygate obamagate
endtimerain,trumpisthethug
mstreib,47uscode
Shahin79622641,شعیب_ابن_صالح__همان_سید_محمد_حسینی_است
linneydel,resignnowtrump
TheOmCEO,peace trump trumpisalaughingstock
XdRazoc,bloodlines
Axolotls30,firstamendment
Axolotls30,firstamendment
mbfrat,kag factchecktrump
721JMG,deletehisaccount
Dale_Dale156,deletehisaccount
djfmdotcom,twitterfactcheck
martycoultas,blacklivesmatter
Shahin79622641,شعیب_ابن_صالح__همان_سید_محمد_حسینی_است
TMikaMouse,deletehisaccount
bayareaolli,istandwithtwitter
amriana,trump
gperry70,trumpisthethug
Axolotls30,firstamendment
Shahin79622641,شعیب_ابن_صالح__همان_سید_محمد_حسینی_است
Michael____C,twitter
Penny_G,trump
Xiaoslayer25,bantrumpfromtwitter
Terra_Torment,bantrumpfromtwitter
Axolotls30,firstamendment
TheRightHandOf,twitter
rhythmnation,twitterdoublesdown
marcasnyc19791,bantrumpfromtwitter
alien_grunge,aussieq
graphincent,bantrumpfromtwitter bantrumpfromtwitter bantrumpfromtwitter
LindaPatrickRN,trump
arkadeum,freespeech
adeferr,trumpmeltdown twitter
TaylorMusic8,trump
reereeloveCB,thankyou
lostnorwegian,factcheckthis factcheckccp factcheckchina
bfjimi,blacklivesmatter
solusnan1,twitterfactcheck
HaroldLifeC,gotwitter trumpmeltdown
A7TFEL,jack realdonaldtrump ترامب جاك
NickGir1,crustycrabsisunfair
adiskype,forthemany twitter takedowntrump
HEx6zWDqNuoymJv,jimin
BirdieBristol,aussieq
HEx6zWDqNuoymJv,jimin과
4uckshit,deletehisaccount
NickGir1,crustycrabsisunfair
Grayacnlnh,minneapolisprotests blacklivesmatters
CosmicActorVist,taketrumpofftwitter
karenchristakos,lizcrokin
Ayyyybeebee,bantrumpfromtwitter
Lark2rule,twitter
sjpmcintyre,bitcoin
thatsqueensnark,shitstorm fakenews
doinkershnauzz,donaldisoverparty
ae_vlf,twitter
roufa_econ,trump
AshleyW838,lauraloomer
SebastianJRusso,firstamendment
MikeRingley,ww1wga trump itshappening q
_Krantikari,twitter
DiME_DiViNE,lhhatl lhhh
atypicalblonde,bantrumpfromtwitter
NickGir1,crustycrabsisunfair
thatsqueensnark,kag2020
saylorgirl7,factcheck
MonarchinMN,iran terrorism
HamadTlal,ترامب twitter
NETRetired,bebest
HEx6zWDqNuoymJv,jimin
Elevenseur,trumpmeltdown
Purrpatrol,lauraloomer
HEx6zWDqNuoymJv,jimin과
ginnypub1,fakefactchecking
GGNDRiRock,deletehisaccount
Ursinho45,lauraloomer
DISCRETEboi206,blacklivesmatter
jonletman,bantrumpfromtwitter
Nieczuja_clan,algorithms
JulianLeBlanc,byedon2020
NickGir1,crustycrabsisunfair
itscometothiss,bantrumpontwitter
sm8rty,wwg1wga
MericaUhh,twitterfactcheck
ShihabudeenMb,twitter america
adiskype,forthemany twitter takedowntrump usa
TDtangents,behappybecool
JulianLeBlanc,byedon2020
IndivisibleSanF,thankyoujack thankyoutwitter trump
dslideman,qanon
Liberty_Belle04,censorship
nalinirathnam,atmanirbhar
TheBSTravelers,qanons qanon wwg1wga q qarmy
Mystique_3,deletehisaccount
EWOKinLA,donaldisoverparty
caon23,bantrumpfromtwitter
nancyinsanmsg,voteforobama
shroudedLad,citizensunited
DMattos54,stupid
L5ejn,حزب_مشجعين_جاك_فالوطن_العربي
Zoe_Emiko,trump
patrick0583,trump twitter
stoj10,qanons qanon wwg1wga q qarmy trump2020
tuanle618,georgeflyod
jon_d_doe,trump
ASArvedui,leave terminate vote
foxciecleopatra,twitter
AppleCatCrafts,deletehisaccount
sherookee,trump haddinibiljack
FarzadDanaei,the_final_solution javad_zarif khamenei
CindyufromTn,twittiottrump suckerberg
keepfighting150,climatechange
hassanmel1995,ترامب ملحق الولايات_المتحدة
Mariano_Amelio,trump
TaylorMusic8,bantrumpfromtwitter
tookwancottage,jd trumpliesamericansdie
MichellecGreen,twitter
sniperPERSIA771,restart_opposition corona
avamaria_tweets,michaelmoore minneapolis glorifyingviolence
0Talkhard2,qanon qpost wwg1wga wwg1wgaworldwide
KriefLinda,obamagate
BetteVCollins,bantrumpfromtwitter hadenough
billydamota,thanksjack
ShanMirza5,riptwitter
henseat,trump twitterwins
marcasnyc19791,bantrumpfromtwitter
marcasnyc19791,bantrumpfromtwitter
call4peace,wisdom imam hypocrisy
Majestik7,factchecked
haseensarwar,trump_is_racist
pictaler,donaldisoverparty
JimPolk,climatechange
Doyouhaveaflag,impeachedforever
TYGRRRREXPRESS,yoelroth
Oxford_Life,donaldtrump
Trump_Blessing,shutdowntwitter
adel_alh,تويتر ترامب
dv1vt,wwg1wga
Jaketruth4,youaintblack
GrumpyEls,twittersownstrump
Freedom___1776,donthecon
duncanwc,twitterfactcheck
cococam41,twitter
AngeJWilliamson,truthmatters
MKRIZSA50,trumptwat
JMAN23_SD,fakenews
LuvMacyIsabella,jack twitter
cruxie,georgefloyd
CelticGuy66,trump executiveorder
luigiluccarini,frey minneapolis
lokforwardangel,trumpisaracist trumpisa_danger_toamerica coronavirus resist
4vakK1iiTJeGYbd,jack
cscstars,bebest
klingensmith_j,reporthistweets twitterdosomething article25 godhelpyougop
Luminessing1,bantrumpfromtwitter
cutiepatutee,incitingviolence
marcasnyc19791,bantrumpfromtwitter
yohann6129,libertedexpression trump dorsey
2020_IDGAF,bantrumpfromtwitter
Harley_1955,climatechange
marcasnyc19791,bantrumpfromtwitter
nasseralmajrafi,جاك_دورسي
brianallensays,donaldisoverparty
MsTumelo,blacklivesmatter
oceanwave007,mineapolis
mrfunnysmart,lowratingstrump
NikosZio,twitterfactcheck minneapolisriots voteoutgop2020 trumptweetsreported
FravidDum,factcheck
emennes1,qanon
JimBurt36752260,factcheck fisa spygate obamagate
freddiefan123,bantrumpfromtwitter
lokforwardangel,coronavirus blacklivesmatter votebymail justiceforgeorgefloyd
SharmeenS,twitterfactcheck
themrbobjr,twitter
BeemerSmith,hopefully
thinkinjimin,jimin
Chill004Jeanne,cult45
PantasticPuppy,electioninterference
hpjohn1,twittervalues
Ghareeb27,twitter trump
Wordofbeak,stopthelies
marcasnyc19791,bantrumpfromtwitter
AutumnMandrake,hallelujah
marcasnyc19791,bantrumpfromtwitter
CarsonMckinstry,blacklivesmatter georgelloyd
thinkinjimin,jimin
PaoloCappelli8,twitter
RoseWin71234815,patriotstriketeam flynnfighters wwg1wga adjunctprofessr
bankrot_59ru,factcheck fisa spygate obamagate
Wordofbeak,stopthelies
asheem01,democrats
PinkVanillaMe,bantrumpnow bantrumpfromtwitter
TristramLennard,orangebloviator
fearlessloverWR,dontbefacebook
congueror_35,doğumgünüm
TrumpKong,factcheck fisa spygate obamagate
bunny2be,donaldisoverparty
topcat8599,hittheroadjack hitlerjack censorship
Lydiaferguso,ppe thegreatgrift
nooraialkaliwal,twitter pashtowraz
joeykwanwy,ccp
RenziTitus,qanon maga
mrfunnysmart,penceisanidiot pencegate turtleheadedtaintlucker lowratingstrump
MonicaP20644195,climatechange
4vakK1iiTJeGYbd,andrewyang shinzoabe
ayub_pashtun,twitter pashtowraz
NikosZio,trumpisoverparty
SeanInWarsaw,goodjobjack
BlueFox94,georgefloyd tds walkaway
breeze_extra,hopkinsisaliar
carrieb64740149,news
titanuskong,waroftweets
TUNAX12,blocking factcheck
bobswife64,fakenews
TheDailyEdge,bantrumpfromtwitter
DomStanbridge,presidenttweety
NikosZio,donaldisoverparty deletefacebook bantrumpfromtwitter
TheFabledAesop,zuckerberg
PaoloCappelli8,twitter
WandaWh84436818,bantrumpfromtwitter
ESinenomine,dumbassdonald
FatPaulies,bantrumpfromtwitter
myglobalpac,bantrumpfromtwitter
NPGohokar,karlmarx
DanSkinnerArt,bantrumpfromtwitter
RealKingMajeed,blacklivesmatter
wrmultitudes,proudtobeontwitter
myselfnage,markzuckerberg
bobdirects,fakenews
juancarloslln,blacklivesmatter
stellar_ram,freespeech
ITrustLabor,twitter
STYLISA,tangotits
Susemgf,trump
rb25uk,factcheck fisa spygate obamagate
MillieCassese,bantrumpfromtwitter
KriegerThegrand,youaintblack
voodoocabaret,alwayshavelovedtwitter
RonniLaurie,patheticirresponsiblehatefuldangerousdrugaddicteddraftdodging
AmyMayTweets1,jackforpresident marryme
Jamestoupin,bantrumpfromtwitter
MailinThomas,bantrumpfromtwitter
TonyTeslaEV,lysoldonnie
CowboyPrefab,bot
Dewbispeaks,karlmarx stalin
BoogidFfskw2002,bantrumpfromtwitter
TeddyBe47951497,dumptrump
JNdoinitBIGG,maga
island_snake,qanon wwg1wga
twitaco,アベノマスク
RonniLaurie,patheticirresponsiblehatefuldangerousdrugaddicteddraftdodging
PeskyJski,markzuckerberg
May461014344,youaintblack
_HelenLindberg_,bantrumpfromtwitter
melchiormelch,historyrepeating
lfisher314,bantrumpfromtwitter
CaffeineAndHate,bantrumpfromtwitter
Bobblob71995380,fascistjack
RealAbdul23,blacklivesmatter
ALghamdi_Sultan,ترامب_يغلق_تويتر
Qbeanzz,gitmo
mckbirdbks,bantrumpfromtwitter
kush07,jihadi chinicommie
LoriWill213,censorship
Scorpions_Jewel,bantrumpfromtwitter
Geopens,shadowbanning shadowbanned
TimoWahler,buckleup
TonyTeslaEV,deletetrumpsaccount
TexOkie65,theresistance
ubermk3,jackthecontitutionripper
itscometothiss,bantrumpontwitter
datthai76,section230
Revolution_21,bantrumpfromtwitter bantrumpfromtwitter bantrumpfromtwitter bantrumpfromtwitter bantrumpfromtwitter
PatriotsofWash2,regulatetwitter
jacob07462488,opinionorfact stopcensorship hadenough kag draintheswamp wwg1gwa
ajxavier83,bantrumpfromtwitter freespeech
artsyTrish,bantrumpfromtwitter
s9tmt,zuckerberg
michelleCCoelh1,climatechange
ubermk3,jacktheconstitutionripper
DivineCede,bantrumpfromtwitter
carrieb64740149,twitter
burkayavci,twitter blockchain
CatLady0711,putinspuppet
LPrivileged,bantrumpfromtwitter
francois_sloan,bantrumpfromtwitter
Ericasssxxxx,impeachtrump
TallyAnnaE,bantrumpfromtwitter
Dj44592145,minneapolisprotests kidnapping
BP99498844,climatechange
SaltyCJ1,minneapolisprotests kidnapping
EmileMoneron,prolife
stefsstuff2,bantrumpfromtwitter
SexySassyGenius,twitterpickssides clementineford hatespeech
tiffcald,jack twitter
ManuelDBraun1,bantrumpfromtwitter
richardhine,bantrumpfromtwitter
DaveensMoore,impeachedforever
Doug_Monroe27,bantrumpnow bantrumpfromtwitter blacklivesmatter
everydayastory,imwithjack
joebloughed,ettd
cheechmypeach,bantrumpfromtwitter
corry_corruuu,bantrumpfromtwitter
zeranikah,deletehisaccount
ClaudiajClark,presidenttrump
TonyTeslaEV,deletetrumpsaccount savetheworld putinspuppet lysoldonnie trumpsdepression
Americanforsure,bantrumpfromtwitter
ittybittybees,donaldisoverparty
amciotola,jackneedsaspine jackneedstogrowapair ihaveabiggerpairthanjack
PdupejLnbOjCYlb,jimin
joebloughed,25th
PdupejLnbOjCYlb,jimin
Pink_a_rella,trumpmeltdown bantrumpfromtwitter donaldisoverparty
socialcain,deletehisaccount
PaoloCappelli8,twitter
dolphylite,assange
Rocket_1981,youaintblack
dolphylite,assange
ArnieMartinez8,fbi
isecretlylovehc,hittheroadjack hitlerjack censorship
dawnegray3,groundedbytwitter
cult_anti,factcheck
fleetaj,drumpf
bilgeaktas,donaldtrump
Pink_a_rella,trumpmeltdown bantrumpfromtwitter donaldisoverparty
PBorg312,resignnowtrump lieslieslies liarinchief
inputforcolor,tweet violence atlonglast keepupthegoodwork
PenguinsFan62,minneapolisriots
SophiaLamar1,bantrumpfromtwitter
PhiKuro,germany
Jackie82459,bantrumpfromtwitter
jim_dannels,prolife
BarbB0925,bantrumpfromtwitter
cult_anti,factcheck fisa spygate obamagate
ekonovich,trump
Lyngvie1,glorifyingviolence
MistyLouCherry,trumptweetsreported
_josauna,blacklivesmatter
SushGirl,bantrumpfromtwitter
Harald4Tweet,germany
MichaelONeill66,bantrumpfromtwitter
FranceskoNew,factchecking
saywhat82207285,twitter socialmedia socialresponsibility factcheck factsmatter
carrieb64740149,cnn nbc abc cbs
10100WBK,bantrumpfromtwitter
Doc_RD,germany
jabs611,americans
amalagmar255,blacklivesmatter
StarrIsHer,bantrumpfromtwitter
krusty027,bantrumpfromtwitter
kishan3108,ccp
qanonwhitehat,twitterstockholders
CurtBradshaw,smackjack
TallyAnnaE,bantrumpfromtwitter
DaRealFatJonnie,bantrumpfromtwitter
taruvinga,prolife
anamnationalist,minneapolisriots
Sharon59,bantrumpfromtwitter
Melbourne_3000,twatter
SophiaLamar1,trumpthethug
Iqbalwaheed17,taketrumpofftwitter
TLaTela,editbutton
DaRealFatJonnie,bantrumpfromtwitter
NelleBelle1967,ppe thegreatgrift
SashaCrow,thankyoutwitter
SuperFanSpecK99,bantrumpfromtwitter
abdul_bapullo,thematter
amalagmar255,twitter whatsapp
HELLCIUSPR,editbutton
ArnieMartinez8,bantrumpfromtwitter taketrumpofftwitter
KimIndivisible,bantrumpfromtwitter
TotStrachan,gojackgo
rugratmike,bantrumpfromtwitter
LLGuerra101,bantrumpfromtwitter
JosephZ01071355,riots
ahmedsidhique,twitter
LorraineGoldsm7,imwithjack
StevieHannah85,bot
yojudenz,america world
dino__spumoni,usehashtags ihavenorealargument
Minnie4994,youaintblack
That_Simone_,blacklivesmatter
NeoconStewie,kag
millersaraj,bantrumpfromtwitter
rugratmike,bantrumpfromtwitter
AnetteSjobe,trump
rugratmike,bantrumpfromtwitter
larrybev23,twitter
Ch4rTo,bantrumpfromtwitter
d_iplo,تويتر
StunnedVoter,bantrumpfromtwitter
KAlThyeb,ترامب
BlackRocko100,fakechristian
LCieNix,bantrumpfromtwitter
AlhitmiKhalifa,تويتر
BrandonJLandry,riots
DeborahmooreFx,shitstorm fakenews
pepsi2029,تويتر
t1Tvbhf7UytOavK,تويتر
kilmer_wendy,youaintblack
___randomness_,madlad
Devious_freak,controlthenet
7m4ZtDhoYh4H0SX,تويتر
maryanne2442,bot
PatriotMartin45,pizzagate
SM12012,تويتر
kaybuenoesyo,china factcheck
Pieter020,kicktheclown
marquessacasey,futwitter
AzizMaram,blacklivesmatter
EnoughH8Already,bantrumpfromtwitter
Republiscum,thug
WasZappa,tds
AlmanzaVon,prolife
lynnhaybruck,impeachedforever
jorf131,تويتر
johnniedramasa1,factcheck fisa spygate obamagate
kayesem,julianassange
GlennUlman,factcheck
ReesiesPieces18,deletehisaccount
TRAFFICDEFENDER,jack
DKA_EU,minneapolisriots trump
zz_fog,zuckerberg
v6hpdAwsevcIWsE,ترامب twitter
abepiere,تويتر
haikurendevous,unbanmyaccountyoufuckinghypocrites
SaxeOliver,maga removetrumpcancer
KarmicEraser,factchecktrump
RebniEinar,bantrumpfromtwitter
david_dpitts051,bantrumpfromtwitter
Republiscum,trump
hambakorporat,kamiadalahjack
Bwidowed,bantrumpfromtwitter
hussaindaher5,تويتر
PamelaS47706851,factcheck fisa spygate obamagate
NurseCeeCee,zerotoleranceforviolence
CollinOctantis,bantrumpfromtwitter
wheresistherain,jackforpresident jack2220 anyonebutdon jackdorseyforpresident
salehahmed887,تويتر
daq1977,تويتر
dxtrldn,parler
eileenvn,trumptwat
Justice_and_BTC,wakeup
PatriotsWin2020,riots
WendyPrater7,youaintblack
KilroyWasHere7,bantrumpfromtwitter
abougoudi,تويتر
Ashishtrpathi1,jihadi chinicommie
battchile,deletehisaccount
rugratmike,bantrumpfromtwitter
jillieanne65,gopgenocide trumpgenocide
Puzzledoutwest,bantrumpfromtwitter
thanku45tbest,frogday
rugratmike,bantrumpfromtwitter freespeech
firstlarkofdawn,bantrumpfromtwitter
jalabeno,bantrumpfromtwitter weaponizedwords
JulieGallaway1,resisters bantrumpfromtwitter
MJF59z,shutdowntrumpsaccount
WonWatan,تويتر
rugratmike,bantrumpfromtwitter bantrumpfromtwitter bantrumpfromtwitter bantrumpfromtwitter bantrumpfromtwitter
lulwaalthani,تويتر
HoneeDesigner,hypocrite
AbdulraheemNoo4,تويتر
MTRDeplorable,hypocrites liars
RealTrumpGal,youaintblack
EWOKinLA,donaldisoverparty
DietsQ,germany
AriesLadyJ1,trump
AngrywolfA,bantrump donaldisoverparty
SvvanIsNovember,dirtboxinternetfile
rohitmr,cleanuptwitter factchecktrump
ChattyChaplin,trumpmeltdown glorifyingviolence
aliadailamy,تويتر
StevenJayWright,shadowbanjack
38_bull,maga
SalenaVincent4,youaintblack
ChattyChaplin,trumpmeltdown glorifyingviolence
440AFR,climatechange
redhotchili_63,climatechange
Justice_and_BTC,wakeup
jameswzegan85,bantrumpfromtwitter
Jenja34648808,تويتر
vladiusdaddius,ppe thegreatgrift
rhapsody1017,lauraloomer
rugratmike,bantrumpfromtwitter
Llsnuffy,deletejack
fairtwin,donaldisoverparty
mafe_nobody,تويتر
CarmenKrebs5,socialmedia
BecklerMardi,bot
WicPagTimes,removetrumpfromtwitter
NRA_TacoBowl_MS,twexit
NunyaBi52626844,factcheck fisa spygate obamagate
Freedom___1776,removetrumpfromtwitter
rugratmike,donaldisoverparty deletefacebook bantrumpfromtwitter
rugratmike,bantrumpfromtwitter
mmt2327,factcheck fisa spygate obamagate
DEAD_P1XL,bantrumpfromtwitter
call8675309,twitterbantrump bantrumpfromtwitter
antitheistdude,executiveorder
Naokimimi_,trump
KateOceanmagic,dumpalltrumpsforever
melaniebosticc,deletehisaccount
d_iplo,ترمب
icemonkey___,maga2020 twitterbias
SugarBeats,bantrumpfromtwitter
call8675309,twitterbantrump bantrumpfromtwitter
RealJackieBlue,bantrumpfromtwitter
NotJolyne,donaldisoverparty
Ro__Sheen,bantrumpfromtwitter
JohnCzer1,twittiottrump suckerberg
fireytyrant,youngmoneyradio marshallmathersfoundation
jha_yatendra,bluetik toys jaivikgurugram smartfarmers
call8675309,twitterbantrump bantrumpfromtwitter
ilneigesurliege,parler minds gab maga kag
pictaler,donaldisoverparty
jdogbark42,yoyoelturd
MrsAmerica_1776,fakenewscnn
Surelyyouareki2,bantrumpfromtwitter
crusaderanon1,hittheroadjack hitlerjack censorship
dfatnassi,justiceforfloyd trumpvstwitter
abutaeeftareq,ترمب
MIKEtheWOP,yo factcheckthis
airleean0n,freephilip
Mandy55551,factcheck fisa spygate obamagate
margmulc12,factcheck fisa spygate obamagate
AnbeBriyani,notohatespeech
giyuumocha,donaldisoverparty
JasonLuiCamera,twitter
NafrazNfZ,nokissass
potkazar,who
avspook,twitter
USAIsRepublic,25th
NoRetreat6,twitter
raysull,fakenews
rugratmike,bantrumpnow bantrumpfromtwitter blacklivesmatter
ACahillLloyd,bantrumpfromtwitter
skipatrol80,maga kag2020
rugratmike,bantrumpfromtwitter
LoveyMemAri,money
richardshadow1,riots
wendee1111,americans
samaa_sky_,تويتر
TheRusticSoul,trumpisalaughingstock
FloridaRogue,bigtechrobberbarons
K_eziahO,charlottesville
janefrere,stayalert
OliviaC019,enough
IbrahimAlKonji,تويتر
GhostMabHerself,differentrulesforwhitetwitter
SmittenMitten2,qanon
JoeRich44,jackiscomplicit
SengaEkiba,deletehisaccount
CAMontgomery1,donaldtrump
DamnMaineYankee,shutdowntrumpsaccount
we_bentley,bantrumpfromtwitter
jdogbark42,factcheck fisa spygate obamagate
dfatnassi,justiceforfloyd trumpvstwitter theshootingstarts
willis_roberson,putinspuppet
UniverseatLarge,bigbrother
philomi03334225,riots
StevenJayWright,control manipulation evil
NafrazNfZ,nokissass
NoureddineDiaf7,تويتر
AlhitmiIssa,تويتر
ghb2424,fakenews fakenews misinformation
GetMyGist,twitterverse climate
DavidRMartin8,qanon
ARBRUIN,bantrumpfromtwitter
cwindley,trump
cardionurse3,bantrumpfromtwitter
senortucco,cambridgeanalytica
avspook,twitter
randypinball,damnright
ktellmemore,twitterstockholders
LarryDeLuca,moscowmitch
ContagionArtist,maga
BGriesert,hypocrite
leeseongwee,captaincantaloupe
Freemanhippy,putinspuppet
AlhitmiIssa,ترمب
bueller_tom,twitterpickssides
willis_roberson,gopgenocide trumpgenocide
Dromeoj,youaintblack
aljansen5,qanon
SalenaVincent4,fakenews
FollowTrump20,wakeup
AmeetM,courage
dumspirospero64,climatechange
UniverseatLarge,jackdorsey
Stu_Osu,realdonaldtrump twitter
suzyraelo,presidentgrabthembythepussy trump
FUNNAGAN,bantrumpfromtwitter
ancient_ruuh,trumpexecutiveorder
Selene_Nelson,trump
jamieroderickmc,twitter
UnmundaneA,bantrumpfromtwitter
DanMarti93,bantrumpfromtwitter
Margret88035201,twitter
DieG0at,donaldisoverparty
LWalker_3,bantrumpfromtwitter
maureen70916510,taketrumpofftwitter canceltrump
Tropic5A,climatechange
brav_wav,bravojack
thewilliam,trump
AsianKaren206,twittergate
redRighHand,dumpchump lyincrookedrapist lockchumpup boycottfb zuckerburg chump
BlueSkyyy07,bantrumpfromtwitter
brave_right,ترمب
MAGA_goQanons,demvotebymailscam
laura56011,votebidentosaveamerica
brave_right,تويتر
akpturkiyesi,minneapolisprotestsabd
BornNativeUSA,bantrumpfromtwitter amerikkka
NJSayWhat,1a
andrehennen,factcheck twitter
omadeito,maga
laura56011,trumpaccountability
Jennxtine,bantrumpfromtwitter
AmeetM,courage
JeepEz2020,bantrumpfromtwitter
JoeRich44,jackiscomplicit
zwankaholmt,pashtowraz
Kellyk1969,factchecked
TonySahajlain,twitterpickssides
BagpussU,bantrumpfromtwitter
ta94333915,bantwitter
GetMyGist,twitterverse meded billgates
femtech_,twitterverse meded billgates
FuturehopeMs,removetrumpfromtwitter
Xiaoslayer25,bantrumpfromtwitter
WicPagTimes,bantrumpfromtwitter
GetMyGist,twitterverse meded billgates
MerrickKristina,taketrumpofftwitter
laura56011,impotus45moron worstpresidentever
Margret88035201,bantrumpfromtwitter
kimpokc,inciteviolence
laura56011,votingbs
LeanneVerrier,factcheck fisa spygate obamagate
HomePartrick,bantrumpfromtwitter
SALEH62330180,تويتر
TheDaveWalters,donnyboy
MayaPlentz,misinformation disinformation twitter
JakobiJohnson4,georgefloyd
11aliMohammed,تويتر
PraetorianHorse,trump
Ayman1466486003,تويتر
somuchtodo2,donaldisoverparty
jimtek86,factcheck fisa spygate obamagate
hansi76,twitter
deelovesjamaica,riots
iluvtwitch,1a
greta83743279,qanons
citytransportin,bitcoin
GanjasmokerCb,bantrumpfromtwitter
RedPilltakenQ,wwg1wgaworldwide
AAlhaqq,nigeria 9ja thematter zoom
rbtess2,factcheck fisa spygate obamagate
bmesfin,donaldisoverparty
7295murphy,bantrumpfromtwitter
RominaG81779894,maga
BobBrinson1,georgesoros division
Sean_Blackwolf,typical
feintunes,trump
H7Y,freespeech
DiversSaudis,factchecking
RestlessGypsy3,potus
HeldKerry,factcheck
leifsrask,courage
feintunes,bantrumpfromtwitter
lolo56093431,تويتر
CELSIOR600,deletehisaccount
KevinRe22929794,dumptrumpdaynov3
SvenningDalgard,europe twitter
roy_karrol,nopardonjustprison
FocusWho,ejecthim
MAGA_goQanons,voterfraud
lilsusievert_,justiceforgeorgefloyd
GetMyGist,scientists ethics
17moments2,factcheck
indyanfree,youaintblack
Christo54595638,donaldisoverparty
jashan,donaldisoverparty baotus
manunitedrebel,teamtwitter
AfzalGulakhil,pashtowraz
good_karma_2412,trump
Abdel60211573,pashtowraz
MediaActive,factcheck
oka4henry,moroninchief liarinthief captainbonespurs
UniverseatLarge,bigbrother
susan_lemon,trump2q2q
Squirrel275,fridaythoughts
SwiftRead,censored blacklivesmatter nicolesirotek
Sober43785665,censorship wwg1wgaworldwide wwg1wga quanon
akpturkiyesi,minneapolisprotestsabd
FrogNews,censorship
djonathandavids,donaldisoverparty
Wesley576a,trumpisoverparty
kittenaround_51,factcheck
Meowwch,justiceiscoming trumptrialshague
beldon_mark,togetherwewin
iinderz,bloodontrumpshands
The_GeordieFox,bantrumpfromtwitter
4257611130,retweettrumpstweet
SwiftRead,censored blacklivesmatter nicolesirotek
MansouriAqeel,تويتر
Minka9191,youaintblack
TTFN1958,factcheckdemocrats fakenewsalert
NoHolidayforGOP,factchecktrump
TheOlifant,bantrumpfromtwitter
MyOnlyHeart2,hypocrite
Laus_Deo4ever,riots
ScallywagRay,twitter
ImVigneshRamesh,doingwhatsright
TheRedHouseWife,factcheck
JuanMarcoChapm1,fakepresident
CameronConant,anotherworldispossible
fatmakhayrat,تويتر
KarenKe15129224,fridaythoughts
blauwwitje,thankyou continue staystrong
VRejeanne,bantrumpfromtwitter trumphasnoplan liarinchief
nad1as,bantrumpfromtwitter
dancingkelsey,deletehisaccount
NZCatfood,deletefacebook
MdWVMJElh9QlKtt,georgesoros division hate
The_GodParticle,trump
manojvani,brahmins
JerryTrip,riots
redhotchili_63,executiveorder
ta94333915,bantwitter
Christo54595638,donaldisoverparty
anonymous_Geto,fakecovid
Boomer83453470,bantrumpfromtwitter
Slld_beautiful,jimin
tux_nyc,trumpworstpresidentever
QuestiRoxanne,qanons
GW441,climatechange
peggyjoseph17,bantrumpfromtwitter
xxx666whore,blacklivesmatters
adwaitdash,trumpisalaughingstock
WengleLori,climatechange
doiedream,bantrumpfromtwitter
Giant__Dwarf,trump
FuzzyColbert,factcheck
Lewis4216,hopkinsisaliar
JanetRuggles3,pleasedeletethosetweets
Lermont,twitter electioninterference democrat
aljansen5,qanon
Featherfe,ترامب_يغلق_تويتر
GetMyGist,twitterverse twitterpoll climate denier
poligraf,universalbasicincome
musclecars62,bantrumpfromtwitter
MariaDuggan,zuckerberg
GetMyGist,twitterverse twitterpoll climate denier
daddybrooks,bantrumpfromtwitter
MaryannWeston,fakebook trumpmeltdown twittertrump
SwiftRead,censored blacklivesmatter nicolesirotek
JimmyLeeMobley,racistdonaldtrump
dawnloveslife,praying
ieKiUN11jhh58C3,ignorance
cp8645,twitterviolatorinchief enabler
RheaKarys,youaintblack
BanRomulanbirds,georgesoros division hate
BrendaWhorley2,junior
liljohndeere992,myspace
Fire_In_Babylon,trumpgate trumpmeltdown trump
solojenmin13,bantrumpfromtwitter emotionalintelligence
HorsesRLove22,americans
strtrek,bantrumpfromtwitter
1sm0kew33d,deletehisaccount
raphaellaN,removes230techprotections
AsylumRow,suspendtrumpstwitter
GhostzTiger,fire
TD_Stewart,unmanlytrump
spiceyredd1,youaintblack
kcheslin,bantrumpfromtwitter
kirankumarwifi,twitterfactcheck trump minneapolisriots
aannabananaz,twittersafety bantrumpfromtwitter
broomstick33,factcheck
dean_rhoads,climatechange
LucyHarrizon,bantrumpfromtwitter
Mykiwitwit,shutdowntrumpsaccount
EdRoc72,maga maga2020 kag kag2020 trumppence2020 loser
KENDOIT5,stopthebias
island__photos,adrenochrome pedowood
beautifulwood,uspoli
steph93065,learntocode
JoanneOKTXNJ,factcheck fisa spygate obamagate
annedelim,covid
el_gloco,twitter
madmilker,bitch
rodneygalloway,killjack
djegelston,thankyoujack
rugratmike,bantrumpfromtwitter
JoeRubi13518188,stopracismstoptrümpf wetakeresponsiblility
TheGameVeda,bantrumpfromtwitter
djegelston,gop
Eric_Scott24,voterfraud
raysull,factcheck
rugratmike,twittersafety bantrumpfromtwitter
rugratmike,bantrumpfromtwitter
Tonirome6,qanon obamagate
jerseydeanne,factcheck fisa spygate obamagate
icemonkey___,trump
wijfje_66,fucktrump
Mega_chops,qanon
Giant__Dwarf,bantrumpfromtwitter
meNabster,trump
DhanadaKanta,factcheck makesocmedresponsible
souljahsingh,markzuckerberg
CLee25883166,bantrumpfromtwitter
rugratmike,bantrumpfromtwitter emotionalintelligence
MarsVeritas,suspendtrumpstwitter
matigrje,twitterisdone
nelsonbatalha,bully
meNabster,bantrumpfromtwitter
Mohelaltr,تويتر
CornPop2024,kag
EnemyOfTheLeft,riots
Mad_BD,trump
rugratmike,bantrumpfromtwitter
CranstonMalcolm,factcheck fisa spygate obamagate
jrosejunior1975,twittercensorship
SharonCarbine,donaldtrump twitter trump
sulaimanslalani,america
redRighHand,chump demented chump dumpchump lockchumpup
1raceA,voterfruad
CHINAEXPAT10,ccp uighurs
WIshinwelmantra,factcheckfortwitter
devyaniib,censorship
GaabryM,factcheck
KenKlmc2,bitcoin
david53124920,factcheck fisa spygate obamagate
kimpokc,publisher platform
LugayeAmos,minneapolisprotests bantrumpfromtwitter
snyder777,america world
hilda_brand,wwg1wga alllivesmatter
strtrek,trump
rugratmike,bantrumpfromtwitter
Ratso72,lisa
l481960fitz,bantrumpfromtwitter
Reel_Valentine,trumpisnotabovethelaw trumpisaracist
Alex10Godoy,bantrumpfromtwitter
Reel_Valentine,trumpisnotabovethelaw trumpisaracist
dankraut,onestandard
JosephM80134156,america world
Ezio_Crypto,liberalsagainstamerica
Euristic3000,factcheck fisa spygate obamagate
CBerthelot227,section230
BrianGo43628382,trumpisavirus
rugratmike,bantrumpfromtwitter
marc_marcmc,bantrumpfromtwitter
Ogbeniben,georgefloyd
EvelynK89553216,factcheck fisa spygate obamagate
BarzakhTabraiz,waqaryounis
tropikaybay,factcheck cnn twitter
ManagerSpeaking,blacklivesmatter georgefloyd theshootingstarts
Republicist1,williambarr
foodndice33,getthefacts bantrumpfromtwitter
rugratmike,bantrumpfromtwitter
rugratmike,bantrumpfromtwitter trumphasnoplan liarinchief
Alex10Godoy,minneapolisprotests bantrumpfromtwitter
5128fifty,georgefloydwasmurdered
HeyGoAudio,thisischange
AdamRetweeter,bantrumpfromtwitter
AndyND,bantrumpfromtwitter
sassyblackburn,trump
w_ly_,tramp
valshep,america world
BMcD626,trump
BMcD626,bantrumpfromtwitter taketrumpofftwitter
PersistentObsvr,trump
fiznas,ερχεται_γλεντι
Republicist1,williambarr
BeFairness,factcheck fisa spygate obamagate
Reel_Valentine,trumpisnotabovethelaw trumpisaracist
w_ly_,tramp
Piklalune,usa
Republicist1,williambarr
imgoodemike,fridaythoughts
goyalsanjeev,twitter
AttackShihtzu,georgesoros division hate
JessOreilly1977,thesoupnazi
KITTEN_IBARRA,comebackwarriors
cn27793_ah5_hn_,bantrumpfromtwitter blacklivesmater
Republicist1,williambarr
BMcD626,bantrumpfromtwitter taketrumpofftwitter
Republicist1,williambarr
hawtsylenda_A,june9
DonaldTrumpCow,bantrumpfromtwitter
Consulting1Rtm,youaintblack
Lori_Lorena_03,ridinwithbiden
Republicist1,williambarr
24Roger_S,thankyou
rugratmike,bantrumpfromtwitter
Republicist1,williambarr
m_alimirzaii,freedom
BrianGo43628382,bantrump
1alagmi,folow_me
CindyKayHogan1,twitter
cn27793_ah5_hn_,antifa glorifyingviolence
TakeTrumpOut,suspendtrumpstwitter jackthebrave taketrumpofftwitter
1CnsrvtvRox2020,fridaythoughts
fikaosman,igot7 got7 blacklivesmatter
cderbs,potus trump
FWLeila,ferguson
jp_iitb,markzuckerberg
sassyblackburn,bantrumpfromtwitter
4FORUNOW,تويتر
TomQLane1,ibor nocensorship wwg1wga
lixsluv,bantrumpfromtwitter
IanPanchevre,bebest
politicsnat,twittertrump
BaillairgePaul,wethepeople
lovemyfamily99,warninglabel
17_3_161815214,fuckjack
Uglyduckping,learntocode
TaylorMusic8,minneapolisprotests bantrumpfromtwitter
Uglyduckping,learntocode
Doc_Laryea,thankyoutwitter
TheDaveWalters,donnyboy
BCEaglesNest,thankyoutwitter
Chris_1791,minneapolisriots
sdebbieharris,youaintblack
Emkayoh1,climatechange
TrumpPatriot22,twitterbias twitterfactcheck twittercensorship
Iraneman99878,looting
Weeststerk,chainlink factchecker
Been_Wondering,factcheck
maggielandia8,markzuckerberg
Republicist1,williambarr
w_ly_,tramp
justinetrudeu,slimeball
greg_keene1,firsttweet truthwins
lillimere,trump
TheReverendSue,kag2020
sepandar2020,looting
Ian_Davis72,covid19 scotus
Republicist1,williambarr
rebelwill864,minneapolisriots minneapolisriot
BarryBorgia,removetrumpfromtwitter removetrumpfromtwitternow bantrumpfromtwitter bantrumpontwitter
dl_stratton,greatawakening
socialwriter,editbutton
OrlandoKB1,whitehouse
strom_annette,trumpisnotabovethelaw trumpisaracist
kirankumarwifi,twitterfactcheck trump
Writerjudy,zuckerberg
strom_annette,trumpisnotabovethelaw trumpisaracist
Carol1463Carol,rt factcheck fisa
alex281832,freealx
praveensaraf,freedomofspeech
ChrisWhite04,trump
JamesGWeaks,notfraud
JPcMALITTE,fakenews minneapolisriot justiceforgeorgefloyd
PLJK1984,whitesupremacist
AurelianGirl,smackjack
BczarJarvis,regulatetwitter
Jo_bt_Light,fuckjack
jKutz_Jennifer,trollsgonnatroll
Ronda524,bantrumpfromtwitter
KSSRoberts,firstamendment
cheryl_english,trump
creatingkelsi,deletehisaccount
leonard_dudley,factcheck fisa spygate obamagate
cannondaleLover,twitterfactcheck
WayneHenager,factcheck fisa spygate obamagate
louski999,wethepeople
1969bird,realitycheck
FaitForce,factcheckjack
MaxxLaine,shutdowntwitter
shalzzj,speakupindia
sailingtobyzant,factcheck fisa spygate obamagate
RiteOnAngiePike,twitterfactcheck
FalliveneEdward,trumpfan youlovetrumpandyouknowit
onglincoln,trump2020
VegasTracy,factcheck fisa spygate obamagate
KristenWeberCEO,boycotttwitter hateful biased leftwing
Herbsistah,trumpactivatesracist georgefloyd georgefloydwasmurdered georgefloydprotest
HudsonWilly,trumpmeltdown georgefloydwasmurdered
SquashedLumps,countdown
cmorgank,minneapolisriots
libertydoc82,twittercensorship
hollyheartkitty,wwg1wgaworldwide qarmy
GLeads1,goodjob 4yearslater
R_del_Mar,switchtoparler freespeechmatters
marcoperillo,factcheck
jeeemig,qanons
wonhunglow98,kag2020
angela_dutcher,youaintblack
GetMyGist,children
EyadAljohani,ترمب
gr888shopper,decencymatters truthmatters
GetMyGist,children
Cepp81958805,factcheck
_realren_,twittercensorship
talkz_real,twittervstrump
CDennett,maga trump2020
mwalk113,thanksjack
_Astro_Kate,twitter cycles
Aloour,trumpisalaughingstock covid_19 ترمب_يغلق_تويتر أميركا_تنتفض
IceFox606,twitterbantrump bantrumpfromtwitter
MFilms,voterid2020
mc98536810,ftwitter
KriegerThegrand,qanons
BidenHarrisNov3,trumpmuzzled fightbackamerica
marsden1991,moroninchief
44Woot44,bantrumpfromtwitter
ynot1957,qanon
hairylaigz,decencymatters truthmatters
dmncbrl,twitter factcheck
DaddiMoeLester,donaldisoverparty justiceforgeorgefloyd
LFCMughal,fuckoff
st8yourname,bantrumpfromtwitter
beltwayblonde,censorship
potkazar,covid19
Huw_Merlin,twitter
nAAveen4u,pushpa
dreamalilmore,markzuckerberg
HWreckz,donaldisoverparty
APaktywal,twitter pashtowraz
resistgangsta,trump
William82167276,unfit
rebeccaOden1,fakenews
MarionStrstrk,blacklivesmatter
AussieQ_308,jackshit wwg1wga digitalsoldier obamagate redpill trump2020 trumpisagenius dempanic
Bob45758219,trump
rugratmike,donaldisoverparty
a_cortinas,firstamendment constitution
suzinator7,yoyoel mossad rotschildzionist americafirst
RWAndresen1974,potus
itsmaxsims,bantrumpfromtwitter
pennstfan,youaintblack
kjclt1,minneapolisriots
waynest01699254,maga maga2020
Kekenwealth,nineteeneightyfour
GSMNP_Hiker,stupidliberal
JazzySpreckles,trumpactivatesracist georgefloyd georgefloydwasmurdered georgefloydprotest amycooperisaracist
dianey90457016,factcheck
UniverseatLarge,twitter
ironica627,karen
Jbgud,trumptweet lootingshooting
EspritdeCorp258,bantrumpfromtwitter
MAndrei_88,iranregimechange
SpanglishGuiri,therightsideofhistory
ccargis,deletetrumpsaccount
subyroy,trumptwitterrally trumptwitter
JLukkie,trump2020
spacemanatee,mankaren
Cressy777Jeri,freespeech
Kc2d8uHa9OhznHt,maga maga2020
pentexan,karen
KarlNJ4,factchecktrump
pepsi2029,ترمب
TheWondersNatur,taketrumpofftwitter magaleavetwitter
TweeterLE2012,delaware carney pa wolfe levins nj
LaFuria62,youaintblack
sibilaur,teambiden byedon trumpsucks
MAndrei_88,iranregimechange
Iraneman99878,looting
KristenWeberCEO,factcheck
uber_trading,principletrade
NVGhost005,twitter
DustyJones1997,bantrumpfromtwitter
GarrettLBennett,trump
Guy_with_facts,presidenttrump makeamericagreatagain
GSMNP_Hiker,soyboy
mc98536810,china scumbags
APaktywal,twitter pashtowraz
t_thomasttt,censorship
rrm88555,karenstrikesagain
SaintEbbitt,shutdowntrumpsaccount
LAMOONLYNN,truth
RussiaResist,mailinballots fakefraud badfaitharguments
sdscrammy,bantrumpfromtwitter
jjeoreoushuai,bantrumpfromtwitter
SeanPolitico,maga
PressRelease321,bantrumpfromtwitter thugtrump
ElkeHassell,trump
xanderaddison,minneapolisriots cnnarrested cnnlivearrest
LLH713,youaintblack
MikeyisMyKey,generalstrike
marygerdt,factcheck
speelurker,freespeech
SMHussain_,bantrumpfromtwitter donaldisoverparty
LAMOONLYNN,johnmccaintraitor
Buckeye774,twitterpickssides
One_Shot_Belle,teamjack
InAbsentia9,votingfraud mailinvoterfraud
TesfaW11,ethiopia
Butherflyer,cheater cheattowin ifyacantbeatthemcheat
sdscrammy,bantrumpfromtwitter
awilkinso,matl madeamericathelaughingstock
akamomteach,trumpactivatesracist georgefloyd georgefloydwasmurdered georgefloydprotest amycooperisaracist
aasif_435,मेरे_फोल्लोवर_वापिस_कर मेरे_फोल्लोवर_वापिस_कर
oluwaaaaxo,trump
NessKathy,bebest
buildthewallT,factcheck fisa spygate obamagate
GeckoJump,deletetrump
aasif_435,मेरे_फोल्लोवर_वापिस_कर मेरे_फोल्लोवर_वापिस_कर
JanetETennessee,mytwitteranniversary
Quixotified,pwned bebest
OctoberGenius,jodiisthenewkaren foh
NessKathy,bebest
billvaccaro,trumpmeltdown twitterfactcheck
DSelgai,pashtowraz
clarkem,minneapolisprotests bantrumpfromtwitter
smahgsr,تويتر
mimiisscarey,bantrumpfromtwitter
7timechamp,youaintblack
wamsgansed,deletefacebook
IronRanger10,attntrump
SaraCarterDC,new
FrogNews,twittercensorship
pkholly63,aussieq
DsOchoa,trumpdangerouslyunfitandreckless trump
FgGttHjzBCRel4M,تويتر
johnny_utley,stopthecensorship freespeech
StrengthSecure,jewish israel
rowdydowdys1,jacksucks endtwittercensorship
PrincessLeya8,quak
NessKathy,bebest
v6hpdAwsevcIWsE,twitter
MarkJac46056325,lyingdonnie
Vols32488,youaintblack
davidroyintokyo,bantrumpfromtwitter
MrReciter,science politics
I_DrawMohammed,qanons
mill123and,onevoice1
ShinderSuzan,shutdowntrumpsaccount
mdm_mav,suspendtrump
i50ldx,ترامب_يغلق_تويتر
mdm_mav,suspendtrump
karen_erotoo1,shameful
mc98536810,faketwitter ftwitter
7timechamp,trump2020landslidevictory
waynelord2010,donaldtrump
mtnlover111,qanon maga obamagate
McKibbinUSA,twitter
Laura_HBIC,onevoice1
Jen2Win,twitter twitterbantrump
cpshaw64,pleasedeletethosetweets
LoriHannah58,pleasedeletethosetweets
NessKathy,bebest
flet_jess,trump
BigLou05858492,yoelroth
gomesxcx93,startsmall
FarzadDanaei,donald_trump
fohtohgirl,permanentlysuspenddonaldtrump
ChristabelBodhi,freespeech
cindyceemerson,onevoice1
Cmds507,resignnow
haenepster,pedogate pizzagate qanon
stusheridan,trump
Mashiya93,youngmoneyradio
is_wim,blacklivesmaters justiceforgeorgefloyd
DarkNetDesmond,twitter bantrumpfromtwitter trump
fights_america,freespeech
May461014344,qanons
srvdavis,lie
iggnak,bantrumpfromtwitter
RuggedPatriot5,factcheck
jody07948800,pleasedeletethosetweets
DownDog10,shameful
msanpedro013,justiceforgeorgefloyd
peggygraef,twitterfactcheck twitterbias
dclark551,leftwingtwitter stopthecensorship 1a
seonf,bantrumpfromtwitter
dclark551,leftwingtwitter stopthecensorship 1a
broadhead_ron,youaintblack
StrengthSecure,jewish israel
mtnlover111,maga maga2020
ChristabelBodhi,freespeech
a1876o,historywillshowyourdeeds
psbaloans4u,factcheck fisa spygate obamagate
SJWhitmore1,gotoparler
mademenIT,thematter
LN_Amy,bot
FA454FA,ترمب_يغلق_تويتر
saschaf20,trump
Anon_Q_Brit,twexit trump votebymail
b_regent,bidenforpresident2020 trumpmeltdown
mhaijirabd,تويتر
kingsfoil2550,unmanlytrump
kingsfoil2550,magaleavetwitter
speakermanuel,em
BruceBa71163753,georgefloyd
BruunTaco,bantrumpfromtwitter
Skyebright8,trump
snoozinglion1,doh
CTRL_BLN,trump
janemiami,electionfraud
Rickster_75,factcheck
Linden_Lad,factchecktrump
annette_bulut,minneapolis minneapolisriot georgefloyd
CovfefeV,shutdowntrumpsaccount
PMgeezer,doh
ms_knowital,youaintblack
AnnikaHanover,markzuckerberg
GamingGal63,georgefloyd
LooloosHideOut,freedomofspeech
TrumpCatMax,bantrumpfromtwitter factcheckthatjackass
johnwickneo,twitterdown
Melissa54700654,qanon
rick_desi,twitterfactcheck
Barbara24758805,hypocrite
Harksong,jodiisthenewkaren foh
BewuMax,exposetwitter exposebigtech wwg1wgaworldwide
CryptoPetunia,morningjoe
GIL818MDC,twitter
nothingtoosee0,bantrumpfromtwitter
HowardK11709277,factchecktrump humiliatingtheliar
Wwg1P,trump censorship msm executiveorder
UdvTANBgkh9NQth,parler nazis
ordolib,soitbegins
ArrestJK,deletetrumpsaccount
bohanon_perry,taketrumpofftwitter
TrumpManOfSteel,twitter
SupermanHopkins,fakenews
DepLAURAble75,trumpnowmorethanever
RatanSharda55,potus
MadinahDate,saudiarabia
GoGrable,gop maga
KylyFlyly,trump glorifiedviolence minnesota georgefloyd
TaylorMusic8,coward
KarrieFleetwood,factcheck
adilondoner,bantrumpfromtwitter
Julyjeanie22,gitmo
golf4mepp,censoring censorship
marcobg_NOEURO,twexit trump votebymail
NacymBaghli,georgefloyd blacklivesmatter justiceforgeorgefloyd minneapolis ترامب
kingsfoil2550,ppe thegreatgrift
LAGraham64,factcheckthis
cot2bgd,trumphasnoplan
KingoftheBorks,repswallwell
Amaliada,ppe thegreatgrift
GhiMelanie,crickets
ger2591,twitterassholes
wigalenius,pizzagate prisontime
TBD__17,twtr
Dubai_Blondie,wethepeople
KylyFlyly,trump glorifiedviolence minnesota georgefloyd
rwaller73,leftwingtwitter stopthecensorship 1a
pgrlegacy,sedition
barrettrh51,factcheck fisa spygate obamagate
jazzwinebook,bantrumpfromtwitter donaldisoverparty
Meerakaul,donaldpartyisover
tklmanners,riots
magajohn012017,repswallwell
NoneSoBlind,goodjobjack
krisikaye5,jacobpederson
JasonCairo77,factcheck fisa spygate obamagate
cruzntx,qanon
Ali64144216,restart_opposition corona
Kushie03,georgefloyd
donna_tocci,jefferyepstein
TheresaMaurer2,burnitdown
Broncos_grl,milehighsalute
klingensmith_j,bot
JenniferDonels2,potus
mcgeehan1,factcheck fisa spygate obamagate
readyrcv1,trump
17wwg1wgaQ,unamerican domesticterrorist cuckolds
MariosKaratzias,now
CitizenWonk,onevoice1
mac85jfk,qanon qanonuk obamagate
kal99542036,republicans
dangalluzzo,shameful
Ayobamy247,thematter
iamandrewwass,bantrumpfromtwitter
EeyoreBill,moron
mattybtags1991,milehighsalute
AaronRozear,censorship publisher maga
pm9dcr,twitter
islandnae,factcheck fisa spygate obamagate
sharetche,jack2020
edeancmfgt,climatechange
MARKFORMULA1,libertarians
Children2Light,twittercensorship qanon wwg1wga maga patriotsincontrol weareq
queued16,fucktwitter
America4Burgers,twitter
AndyBradley93,america
Valscate,pleasedeletethosetweets
DonnaLedford8,youaintblack
bone_saw45,donaldtrumpiskillingamericans suspendtrump suspendtrumpstwitter
Dorina335,suspendtrumpfromtwitter
T_Walker_Bond,trump
SPACEX25587506,qanons
spicencens1,nobodytrumpstrump
MYHDSpringer,trump
LizSullivanHogg,bantrump
PatMann1,instablock
dann088,shameful
irishfire24,climatechange
AfricaDesk1,lizcrokin
ChrisQanon2,internetbillofrights
Rik_Baulch,auspol
justpg_,deletehisaccount
Huapan_Go,k brownshirts
p5trifirst,gopgenocide trumpgenocide
StefyPav,trumpgate
steve55709008,leftwingtwitter stopthecensorship 1a
aimforpeace,hackersunite
brian6789,twitter
tati_vict,onevoice1
DansNewUsername,leadership
Jkelz10,bot
Arapahocb66,america
Ilene_Talley,idiotinchief
john55soz,putinspuppet
Nicki_Nuge,liabilitynumberone
BunnysMomm,deletedonald
queued16,factcheck wwg1wga
RayN_Texas,onevoice1
TRUMP_IS_VILE,bantrumpfromtwitter
news_flea,quote
Taragolf1,bot
T_Keegz,factchecked
groepraz,removetrumpfromtwitter
BruceBa71163753,georgefloyd
LPsupportsTrump,twitterfactcheck
rjfromnc,wwg1wga
elmcg,wwg1wga
MihaEll88540372,shameful
MRIrene,bantrumpfromtwitter
MarciaW02564145,lizcrokin
jlconrad740,factcheck fisa spygate obamagate
LavelleGerald,factcheck wwg1wga
rockhardlady,25amendmentnow
melody_hargrave,justice
PeeJayDee159,deletetrumpsaccount
MarinaRolobessy,wieniethorenwilmoetmaarvoelen
GabriLoi,blacklivesmatter
adunham14,alieisborn
cmpimental,factchecked
KO92792,factchecked
coopSpeak,americaburns mostdangerousmaninamerica
serr8d,twitter
AaronBurrell23,freespeech
Ilene_Talley,ppe thegreatgrift
DavidSchmalenb1,moroninchief
BlueOmaPA,bantrumpfromtwitter
DougMcPics,evidence
Todd22320430,factcheck
ArtmanJanet,factcheck fisa spygate obamagate
ETBrowne,betterlaterthannever
warrior_45usa,climatechange
BJTAN23,ppe thegreatgrift
nanamirr,looting
JMylare,moroninchief
